{
  "backprop" : true,
  "backpropType" : "Standard",
  "cacheMode" : "NONE",
  "defaultConfiguration" : {
    "cacheMode" : "NONE",
    "iterationCount" : 0,
    "l1ByParam" : { },
    "l2ByParam" : { },
    "layer" : null,
    "leakyreluAlpha" : 0.0,
    "learningRateByParam" : { },
    "learningRatePolicy" : "Score",
    "lrPolicyDecayRate" : 0.5,
    "lrPolicyPower" : "NaN",
    "lrPolicySteps" : "NaN",
    "maxNumLineSearchIterations" : 5,
    "miniBatch" : true,
    "minimize" : true,
    "numIterations" : 1,
    "optimizationAlgo" : "STOCHASTIC_GRADIENT_DESCENT",
    "pretrain" : false,
    "seed" : 123456,
    "stepFunction" : null,
    "useDropConnect" : false,
    "useRegularization" : false,
    "variables" : [ "policy_W", "policy_b", "value_W", "value_b", "c-layer0_W", "c-layer0_b", "c-block1-1_W", "c-block1-1_b", "c-block1-2_W", "c-block1-2_b", "c-block2-1_W", "c-block2-1_b", "c-block2-2_W", "c-block2-2_b", "c-block3-1_W", "c-block3-1_b", "c-block3-2_W", "c-block3-2_b", "c-block4-1_W", "c-block4-1_b", "c-block4-2_W", "c-block4-2_b", "c-block5-1_W", "c-block5-1_b", "c-block5-2_W", "c-block5-2_b", "c-block6-1_W", "c-block6-1_b", "c-block6-2_W", "c-block6-2_b", "c-block7-1_W", "c-block7-1_b", "c-block7-2_W", "c-block7-2_b", "c-block8-1_W", "c-block8-1_b", "c-block8-2_W", "c-block8-2_b", "embeddings_c_W", "embeddings_c_b", "reg-c-layer_W", "reg-c-layer_b", "embeddings_r_W", "embeddings_r_b" ]
  },
  "inferenceWorkspaceMode" : "SINGLE",
  "iterationCount" : 3987817,
  "networkInputs" : [ "input" ],
  "networkOutputs" : [ "policy", "value" ],
  "pretrain" : false,
  "tbpttBackLength" : 20,
  "tbpttFwdLength" : 20,
  "trainingWorkspaceMode" : "SINGLE",
  "vertexInputs" : {
    "policy" : [ "embeddings_c" ],
    "value" : [ "embeddings_r" ],
    "c-layer0" : [ "input" ],
    "c-block1-1" : [ "c-layer0" ],
    "c-block1-2" : [ "c-block1-1" ],
    "shortcut1" : [ "c-block1-2", "c-layer0" ],
    "c-block1-3" : [ "shortcut1" ],
    "c-block2-1" : [ "c-block1-3" ],
    "c-block2-2" : [ "c-block2-1" ],
    "shortcut2" : [ "c-block2-2", "c-block1-3" ],
    "c-block2-3" : [ "shortcut2" ],
    "c-block3-1" : [ "c-block2-3" ],
    "c-block3-2" : [ "c-block3-1" ],
    "shortcut3" : [ "c-block3-2", "c-block2-3" ],
    "c-block3-3" : [ "shortcut3" ],
    "c-block4-1" : [ "c-block3-3" ],
    "c-block4-2" : [ "c-block4-1" ],
    "shortcut4" : [ "c-block4-2", "c-block3-3" ],
    "c-block4-3" : [ "shortcut4" ],
    "c-block5-1" : [ "c-block4-3" ],
    "c-block5-2" : [ "c-block5-1" ],
    "shortcut5" : [ "c-block5-2", "c-block4-3" ],
    "c-block5-3" : [ "shortcut5" ],
    "c-block6-1" : [ "c-block5-3" ],
    "c-block6-2" : [ "c-block6-1" ],
    "shortcut6" : [ "c-block6-2", "c-block5-3" ],
    "c-block6-3" : [ "shortcut6" ],
    "c-block7-1" : [ "c-block6-3" ],
    "c-block7-2" : [ "c-block7-1" ],
    "shortcut7" : [ "c-block7-2", "c-block6-3" ],
    "c-block7-3" : [ "shortcut7" ],
    "c-block8-1" : [ "c-block7-3" ],
    "c-block8-2" : [ "c-block8-1" ],
    "shortcut8" : [ "c-block8-2", "c-block7-3" ],
    "c-block8-3" : [ "shortcut8" ],
    "embeddings_c" : [ "c-block8-3" ],
    "reg-c-layer" : [ "c-block8-3" ],
    "embeddings_r" : [ "reg-c-layer" ]
  },
  "vertices" : {
    "policy" : {
      "LayerVertex" : {
        "layerConf" : {
          "cacheMode" : "NONE",
          "iterationCount" : 0,
          "l1ByParam" : {
            "b" : 0.0,
            "W" : 0.0
          },
          "l2ByParam" : {
            "b" : 0.0,
            "W" : 0.0
          },
          "layer" : {
            "output" : {
              "activationFn" : {
                "Softmax" : { }
              },
              "adamMeanDecay" : 0.9,
              "adamVarDecay" : 0.999,
              "biasInit" : 0.0,
              "biasLearningRate" : 0.01,
              "dist" : null,
              "dropOut" : 0.0,
              "epsilon" : 1.0E-8,
              "gradientNormalization" : "RenormalizeL2PerLayer",
              "gradientNormalizationThreshold" : 1.0,
              "iupdater" : {
                "@class" : "org.nd4j.linalg.learning.config.Adam",
                "beta1" : 0.9,
                "beta2" : 0.999,
                "epsilon" : 1.0E-8,
                "learningRate" : 1.0E-4
              },
              "l1" : 0.0,
              "l1Bias" : 0.0,
              "l2" : 0.0,
              "l2Bias" : 0.0,
              "layerName" : "policy",
              "learningRate" : 0.01,
              "learningRateSchedule" : null,
              "lossFn" : {
                "NegativeLogLikelihood" : {
                  "softmaxClipEps" : 1.0E-10
                }
              },
              "lossFunction" : "NEGATIVELOGLIKELIHOOD",
              "momentum" : "NaN",
              "momentumSchedule" : null,
              "nin" : 722,
              "nout" : 361,
              "rho" : "NaN",
              "rmsDecay" : "NaN",
              "updater" : "ADAM",
              "weightInit" : "XAVIER"
            }
          },
          "leakyreluAlpha" : 0.0,
          "learningRateByParam" : {
            "b" : 1.0E-4,
            "W" : 1.0E-4
          },
          "learningRatePolicy" : "Score",
          "lrPolicyDecayRate" : 0.5,
          "lrPolicyPower" : "NaN",
          "lrPolicySteps" : "NaN",
          "maxNumLineSearchIterations" : 5,
          "miniBatch" : true,
          "minimize" : true,
          "numIterations" : 1,
          "optimizationAlgo" : "STOCHASTIC_GRADIENT_DESCENT",
          "pretrain" : false,
          "seed" : 123456,
          "stepFunction" : null,
          "useDropConnect" : false,
          "useRegularization" : false,
          "variables" : [ "W", "b" ]
        },
        "outputVertex" : false,
        "preProcessor" : {
          "cnnToFeedForward" : {
            "inputHeight" : 19,
            "inputWidth" : 19,
            "numChannels" : 2
          }
        }
      }
    },
    "value" : {
      "LayerVertex" : {
        "layerConf" : {
          "cacheMode" : "NONE",
          "iterationCount" : 0,
          "l1ByParam" : {
            "b" : 0.0,
            "W" : 0.0
          },
          "l2ByParam" : {
            "b" : 0.0,
            "W" : 0.0
          },
          "layer" : {
            "output" : {
              "activationFn" : {
                "TanH" : { }
              },
              "adamMeanDecay" : 0.9,
              "adamVarDecay" : 0.999,
              "biasInit" : 0.0,
              "biasLearningRate" : 0.01,
              "dist" : null,
              "dropOut" : 0.0,
              "epsilon" : 1.0E-8,
              "gradientNormalization" : "RenormalizeL2PerLayer",
              "gradientNormalizationThreshold" : 1.0,
              "iupdater" : {
                "@class" : "org.nd4j.linalg.learning.config.Adam",
                "beta1" : 0.9,
                "beta2" : 0.999,
                "epsilon" : 1.0E-8,
                "learningRate" : 1.0E-4
              },
              "l1" : 0.0,
              "l1Bias" : 0.0,
              "l2" : 0.0,
              "l2Bias" : 0.0,
              "layerName" : "value",
              "learningRate" : 0.01,
              "learningRateSchedule" : null,
              "lossFn" : {
                "MSE" : { }
              },
              "lossFunction" : "MSE",
              "momentum" : "NaN",
              "momentumSchedule" : null,
              "nin" : 256,
              "nout" : 1,
              "rho" : "NaN",
              "rmsDecay" : "NaN",
              "updater" : "ADAM",
              "weightInit" : "XAVIER"
            }
          },
          "leakyreluAlpha" : 0.0,
          "learningRateByParam" : {
            "b" : 1.0E-4,
            "W" : 1.0E-4
          },
          "learningRatePolicy" : "Score",
          "lrPolicyDecayRate" : 0.5,
          "lrPolicyPower" : "NaN",
          "lrPolicySteps" : "NaN",
          "maxNumLineSearchIterations" : 5,
          "miniBatch" : true,
          "minimize" : true,
          "numIterations" : 1,
          "optimizationAlgo" : "STOCHASTIC_GRADIENT_DESCENT",
          "pretrain" : false,
          "seed" : 123456,
          "stepFunction" : null,
          "useDropConnect" : false,
          "useRegularization" : false,
          "variables" : [ "W", "b" ]
        },
        "outputVertex" : false,
        "preProcessor" : null
      }
    },
    "c-layer0" : {
      "LayerVertex" : {
        "layerConf" : {
          "cacheMode" : "NONE",
          "iterationCount" : 0,
          "l1ByParam" : {
            "b" : 0.0,
            "W" : 0.0
          },
          "l2ByParam" : {
            "b" : 0.0,
            "W" : 0.0
          },
          "layer" : {
            "convolution" : {
              "activationFn" : {
                "LReLU" : {
                  "alpha" : 0.01
                }
              },
              "adamMeanDecay" : 0.9,
              "adamVarDecay" : 0.999,
              "biasInit" : 0.0,
              "biasLearningRate" : 0.01,
              "convolutionMode" : "Truncate",
              "cudnnAlgoMode" : "PREFER_FASTEST",
              "cudnnBwdDataAlgo" : null,
              "cudnnBwdFilterAlgo" : null,
              "cudnnFwdAlgo" : null,
              "dist" : null,
              "dropOut" : 0.0,
              "epsilon" : 1.0E-8,
              "gradientNormalization" : "RenormalizeL2PerLayer",
              "gradientNormalizationThreshold" : 1.0,
              "iupdater" : {
                "@class" : "org.nd4j.linalg.learning.config.Adam",
                "beta1" : 0.9,
                "beta2" : 0.999,
                "epsilon" : 1.0E-8,
                "learningRate" : 1.0E-4
              },
              "kernelSize" : [ 3, 3 ],
              "l1" : 0.0,
              "l1Bias" : 0.0,
              "l2" : 0.0,
              "l2Bias" : 0.0,
              "layerName" : "c-layer0",
              "learningRate" : 0.01,
              "learningRateSchedule" : null,
              "momentum" : "NaN",
              "momentumSchedule" : null,
              "nin" : 10,
              "nout" : 128,
              "padding" : [ 1, 1 ],
              "rho" : "NaN",
              "rmsDecay" : "NaN",
              "stride" : [ 1, 1 ],
              "updater" : "ADAM",
              "weightInit" : "XAVIER"
            }
          },
          "leakyreluAlpha" : 0.0,
          "learningRateByParam" : {
            "b" : 1.0E-4,
            "W" : 1.0E-4
          },
          "learningRatePolicy" : "Score",
          "lrPolicyDecayRate" : 0.5,
          "lrPolicyPower" : "NaN",
          "lrPolicySteps" : "NaN",
          "maxNumLineSearchIterations" : 5,
          "miniBatch" : true,
          "minimize" : true,
          "numIterations" : 1,
          "optimizationAlgo" : "STOCHASTIC_GRADIENT_DESCENT",
          "pretrain" : false,
          "seed" : 123456,
          "stepFunction" : null,
          "useDropConnect" : false,
          "useRegularization" : false,
          "variables" : [ "W", "b" ]
        },
        "outputVertex" : false,
        "preProcessor" : {
          "feedForwardToCnn" : {
            "inputHeight" : 19,
            "inputWidth" : 19,
            "numChannels" : 10
          }
        }
      }
    },
    "c-block1-1" : {
      "LayerVertex" : {
        "layerConf" : {
          "cacheMode" : "NONE",
          "iterationCount" : 0,
          "l1ByParam" : {
            "b" : 0.0,
            "W" : 0.0
          },
          "l2ByParam" : {
            "b" : 0.0,
            "W" : 0.0
          },
          "layer" : {
            "convolution" : {
              "activationFn" : {
                "LReLU" : {
                  "alpha" : 0.01
                }
              },
              "adamMeanDecay" : 0.9,
              "adamVarDecay" : 0.999,
              "biasInit" : 0.0,
              "biasLearningRate" : 0.01,
              "convolutionMode" : "Truncate",
              "cudnnAlgoMode" : "PREFER_FASTEST",
              "cudnnBwdDataAlgo" : null,
              "cudnnBwdFilterAlgo" : null,
              "cudnnFwdAlgo" : null,
              "dist" : null,
              "dropOut" : 0.0,
              "epsilon" : 1.0E-8,
              "gradientNormalization" : "RenormalizeL2PerLayer",
              "gradientNormalizationThreshold" : 1.0,
              "iupdater" : {
                "@class" : "org.nd4j.linalg.learning.config.Adam",
                "beta1" : 0.9,
                "beta2" : 0.999,
                "epsilon" : 1.0E-8,
                "learningRate" : 1.0E-4
              },
              "kernelSize" : [ 3, 3 ],
              "l1" : 0.0,
              "l1Bias" : 0.0,
              "l2" : 0.0,
              "l2Bias" : 0.0,
              "layerName" : "c-block1-1",
              "learningRate" : 0.01,
              "learningRateSchedule" : null,
              "momentum" : "NaN",
              "momentumSchedule" : null,
              "nin" : 128,
              "nout" : 128,
              "padding" : [ 1, 1 ],
              "rho" : "NaN",
              "rmsDecay" : "NaN",
              "stride" : [ 1, 1 ],
              "updater" : "ADAM",
              "weightInit" : "XAVIER"
            }
          },
          "leakyreluAlpha" : 0.0,
          "learningRateByParam" : {
            "b" : 1.0E-4,
            "W" : 1.0E-4
          },
          "learningRatePolicy" : "Score",
          "lrPolicyDecayRate" : 0.5,
          "lrPolicyPower" : "NaN",
          "lrPolicySteps" : "NaN",
          "maxNumLineSearchIterations" : 5,
          "miniBatch" : true,
          "minimize" : true,
          "numIterations" : 1,
          "optimizationAlgo" : "STOCHASTIC_GRADIENT_DESCENT",
          "pretrain" : false,
          "seed" : 123456,
          "stepFunction" : null,
          "useDropConnect" : false,
          "useRegularization" : false,
          "variables" : [ "W", "b" ]
        },
        "outputVertex" : false,
        "preProcessor" : null
      }
    },
    "c-block1-2" : {
      "LayerVertex" : {
        "layerConf" : {
          "cacheMode" : "NONE",
          "iterationCount" : 0,
          "l1ByParam" : {
            "b" : 0.0,
            "W" : 0.0
          },
          "l2ByParam" : {
            "b" : 0.0,
            "W" : 0.0
          },
          "layer" : {
            "convolution" : {
              "activationFn" : {
                "Identity" : { }
              },
              "adamMeanDecay" : 0.9,
              "adamVarDecay" : 0.999,
              "biasInit" : 0.0,
              "biasLearningRate" : 0.01,
              "convolutionMode" : "Truncate",
              "cudnnAlgoMode" : "PREFER_FASTEST",
              "cudnnBwdDataAlgo" : null,
              "cudnnBwdFilterAlgo" : null,
              "cudnnFwdAlgo" : null,
              "dist" : null,
              "dropOut" : 0.0,
              "epsilon" : 1.0E-8,
              "gradientNormalization" : "RenormalizeL2PerLayer",
              "gradientNormalizationThreshold" : 1.0,
              "iupdater" : {
                "@class" : "org.nd4j.linalg.learning.config.Adam",
                "beta1" : 0.9,
                "beta2" : 0.999,
                "epsilon" : 1.0E-8,
                "learningRate" : 1.0E-4
              },
              "kernelSize" : [ 3, 3 ],
              "l1" : 0.0,
              "l1Bias" : 0.0,
              "l2" : 0.0,
              "l2Bias" : 0.0,
              "layerName" : "c-block1-2",
              "learningRate" : 0.01,
              "learningRateSchedule" : null,
              "momentum" : "NaN",
              "momentumSchedule" : null,
              "nin" : 128,
              "nout" : 128,
              "padding" : [ 1, 1 ],
              "rho" : "NaN",
              "rmsDecay" : "NaN",
              "stride" : [ 1, 1 ],
              "updater" : "ADAM",
              "weightInit" : "XAVIER"
            }
          },
          "leakyreluAlpha" : 0.0,
          "learningRateByParam" : {
            "b" : 1.0E-4,
            "W" : 1.0E-4
          },
          "learningRatePolicy" : "Score",
          "lrPolicyDecayRate" : 0.5,
          "lrPolicyPower" : "NaN",
          "lrPolicySteps" : "NaN",
          "maxNumLineSearchIterations" : 5,
          "miniBatch" : true,
          "minimize" : true,
          "numIterations" : 1,
          "optimizationAlgo" : "STOCHASTIC_GRADIENT_DESCENT",
          "pretrain" : false,
          "seed" : 123456,
          "stepFunction" : null,
          "useDropConnect" : false,
          "useRegularization" : false,
          "variables" : [ "W", "b" ]
        },
        "outputVertex" : false,
        "preProcessor" : null
      }
    },
    "shortcut1" : {
      "ElementWiseVertex" : {
        "op" : "Add"
      }
    },
    "c-block1-3" : {
      "LayerVertex" : {
        "layerConf" : {
          "cacheMode" : "NONE",
          "iterationCount" : 0,
          "l1ByParam" : { },
          "l2ByParam" : { },
          "layer" : {
            "activation" : {
              "activationFn" : {
                "LReLU" : {
                  "alpha" : 0.01
                }
              },
              "dropOut" : 0.0,
              "layerName" : "c-block1-3"
            }
          },
          "leakyreluAlpha" : 0.0,
          "learningRateByParam" : {
            "W" : 1.0E-4,
            "b" : 1.0E-4
          },
          "learningRatePolicy" : "Score",
          "lrPolicyDecayRate" : 0.5,
          "lrPolicyPower" : "NaN",
          "lrPolicySteps" : "NaN",
          "maxNumLineSearchIterations" : 5,
          "miniBatch" : true,
          "minimize" : true,
          "numIterations" : 1,
          "optimizationAlgo" : "STOCHASTIC_GRADIENT_DESCENT",
          "pretrain" : false,
          "seed" : 123456,
          "stepFunction" : null,
          "useDropConnect" : false,
          "useRegularization" : false,
          "variables" : [ ]
        },
        "outputVertex" : false,
        "preProcessor" : null
      }
    },
    "c-block2-1" : {
      "LayerVertex" : {
        "layerConf" : {
          "cacheMode" : "NONE",
          "iterationCount" : 0,
          "l1ByParam" : {
            "b" : 0.0,
            "W" : 0.0
          },
          "l2ByParam" : {
            "b" : 0.0,
            "W" : 0.0
          },
          "layer" : {
            "convolution" : {
              "activationFn" : {
                "LReLU" : {
                  "alpha" : 0.01
                }
              },
              "adamMeanDecay" : 0.9,
              "adamVarDecay" : 0.999,
              "biasInit" : 0.0,
              "biasLearningRate" : 0.01,
              "convolutionMode" : "Truncate",
              "cudnnAlgoMode" : "PREFER_FASTEST",
              "cudnnBwdDataAlgo" : null,
              "cudnnBwdFilterAlgo" : null,
              "cudnnFwdAlgo" : null,
              "dist" : null,
              "dropOut" : 0.0,
              "epsilon" : 1.0E-8,
              "gradientNormalization" : "RenormalizeL2PerLayer",
              "gradientNormalizationThreshold" : 1.0,
              "iupdater" : {
                "@class" : "org.nd4j.linalg.learning.config.Adam",
                "beta1" : 0.9,
                "beta2" : 0.999,
                "epsilon" : 1.0E-8,
                "learningRate" : 1.0E-4
              },
              "kernelSize" : [ 3, 3 ],
              "l1" : 0.0,
              "l1Bias" : 0.0,
              "l2" : 0.0,
              "l2Bias" : 0.0,
              "layerName" : "c-block2-1",
              "learningRate" : 0.01,
              "learningRateSchedule" : null,
              "momentum" : "NaN",
              "momentumSchedule" : null,
              "nin" : 128,
              "nout" : 128,
              "padding" : [ 1, 1 ],
              "rho" : "NaN",
              "rmsDecay" : "NaN",
              "stride" : [ 1, 1 ],
              "updater" : "ADAM",
              "weightInit" : "XAVIER"
            }
          },
          "leakyreluAlpha" : 0.0,
          "learningRateByParam" : {
            "b" : 1.0E-4,
            "W" : 1.0E-4
          },
          "learningRatePolicy" : "Score",
          "lrPolicyDecayRate" : 0.5,
          "lrPolicyPower" : "NaN",
          "lrPolicySteps" : "NaN",
          "maxNumLineSearchIterations" : 5,
          "miniBatch" : true,
          "minimize" : true,
          "numIterations" : 1,
          "optimizationAlgo" : "STOCHASTIC_GRADIENT_DESCENT",
          "pretrain" : false,
          "seed" : 123456,
          "stepFunction" : null,
          "useDropConnect" : false,
          "useRegularization" : false,
          "variables" : [ "W", "b" ]
        },
        "outputVertex" : false,
        "preProcessor" : null
      }
    },
    "c-block2-2" : {
      "LayerVertex" : {
        "layerConf" : {
          "cacheMode" : "NONE",
          "iterationCount" : 0,
          "l1ByParam" : {
            "b" : 0.0,
            "W" : 0.0
          },
          "l2ByParam" : {
            "b" : 0.0,
            "W" : 0.0
          },
          "layer" : {
            "convolution" : {
              "activationFn" : {
                "Identity" : { }
              },
              "adamMeanDecay" : 0.9,
              "adamVarDecay" : 0.999,
              "biasInit" : 0.0,
              "biasLearningRate" : 0.01,
              "convolutionMode" : "Truncate",
              "cudnnAlgoMode" : "PREFER_FASTEST",
              "cudnnBwdDataAlgo" : null,
              "cudnnBwdFilterAlgo" : null,
              "cudnnFwdAlgo" : null,
              "dist" : null,
              "dropOut" : 0.0,
              "epsilon" : 1.0E-8,
              "gradientNormalization" : "RenormalizeL2PerLayer",
              "gradientNormalizationThreshold" : 1.0,
              "iupdater" : {
                "@class" : "org.nd4j.linalg.learning.config.Adam",
                "beta1" : 0.9,
                "beta2" : 0.999,
                "epsilon" : 1.0E-8,
                "learningRate" : 1.0E-4
              },
              "kernelSize" : [ 3, 3 ],
              "l1" : 0.0,
              "l1Bias" : 0.0,
              "l2" : 0.0,
              "l2Bias" : 0.0,
              "layerName" : "c-block2-2",
              "learningRate" : 0.01,
              "learningRateSchedule" : null,
              "momentum" : "NaN",
              "momentumSchedule" : null,
              "nin" : 128,
              "nout" : 128,
              "padding" : [ 1, 1 ],
              "rho" : "NaN",
              "rmsDecay" : "NaN",
              "stride" : [ 1, 1 ],
              "updater" : "ADAM",
              "weightInit" : "XAVIER"
            }
          },
          "leakyreluAlpha" : 0.0,
          "learningRateByParam" : {
            "b" : 1.0E-4,
            "W" : 1.0E-4
          },
          "learningRatePolicy" : "Score",
          "lrPolicyDecayRate" : 0.5,
          "lrPolicyPower" : "NaN",
          "lrPolicySteps" : "NaN",
          "maxNumLineSearchIterations" : 5,
          "miniBatch" : true,
          "minimize" : true,
          "numIterations" : 1,
          "optimizationAlgo" : "STOCHASTIC_GRADIENT_DESCENT",
          "pretrain" : false,
          "seed" : 123456,
          "stepFunction" : null,
          "useDropConnect" : false,
          "useRegularization" : false,
          "variables" : [ "W", "b" ]
        },
        "outputVertex" : false,
        "preProcessor" : null
      }
    },
    "shortcut2" : {
      "ElementWiseVertex" : {
        "op" : "Add"
      }
    },
    "c-block2-3" : {
      "LayerVertex" : {
        "layerConf" : {
          "cacheMode" : "NONE",
          "iterationCount" : 0,
          "l1ByParam" : { },
          "l2ByParam" : { },
          "layer" : {
            "activation" : {
              "activationFn" : {
                "LReLU" : {
                  "alpha" : 0.01
                }
              },
              "dropOut" : 0.0,
              "layerName" : "c-block2-3"
            }
          },
          "leakyreluAlpha" : 0.0,
          "learningRateByParam" : {
            "W" : 1.0E-4,
            "b" : 1.0E-4
          },
          "learningRatePolicy" : "Score",
          "lrPolicyDecayRate" : 0.5,
          "lrPolicyPower" : "NaN",
          "lrPolicySteps" : "NaN",
          "maxNumLineSearchIterations" : 5,
          "miniBatch" : true,
          "minimize" : true,
          "numIterations" : 1,
          "optimizationAlgo" : "STOCHASTIC_GRADIENT_DESCENT",
          "pretrain" : false,
          "seed" : 123456,
          "stepFunction" : null,
          "useDropConnect" : false,
          "useRegularization" : false,
          "variables" : [ ]
        },
        "outputVertex" : false,
        "preProcessor" : null
      }
    },
    "c-block3-1" : {
      "LayerVertex" : {
        "layerConf" : {
          "cacheMode" : "NONE",
          "iterationCount" : 0,
          "l1ByParam" : {
            "b" : 0.0,
            "W" : 0.0
          },
          "l2ByParam" : {
            "b" : 0.0,
            "W" : 0.0
          },
          "layer" : {
            "convolution" : {
              "activationFn" : {
                "LReLU" : {
                  "alpha" : 0.01
                }
              },
              "adamMeanDecay" : 0.9,
              "adamVarDecay" : 0.999,
              "biasInit" : 0.0,
              "biasLearningRate" : 0.01,
              "convolutionMode" : "Truncate",
              "cudnnAlgoMode" : "PREFER_FASTEST",
              "cudnnBwdDataAlgo" : null,
              "cudnnBwdFilterAlgo" : null,
              "cudnnFwdAlgo" : null,
              "dist" : null,
              "dropOut" : 0.0,
              "epsilon" : 1.0E-8,
              "gradientNormalization" : "RenormalizeL2PerLayer",
              "gradientNormalizationThreshold" : 1.0,
              "iupdater" : {
                "@class" : "org.nd4j.linalg.learning.config.Adam",
                "beta1" : 0.9,
                "beta2" : 0.999,
                "epsilon" : 1.0E-8,
                "learningRate" : 1.0E-4
              },
              "kernelSize" : [ 3, 3 ],
              "l1" : 0.0,
              "l1Bias" : 0.0,
              "l2" : 0.0,
              "l2Bias" : 0.0,
              "layerName" : "c-block3-1",
              "learningRate" : 0.01,
              "learningRateSchedule" : null,
              "momentum" : "NaN",
              "momentumSchedule" : null,
              "nin" : 128,
              "nout" : 128,
              "padding" : [ 1, 1 ],
              "rho" : "NaN",
              "rmsDecay" : "NaN",
              "stride" : [ 1, 1 ],
              "updater" : "ADAM",
              "weightInit" : "XAVIER"
            }
          },
          "leakyreluAlpha" : 0.0,
          "learningRateByParam" : {
            "b" : 1.0E-4,
            "W" : 1.0E-4
          },
          "learningRatePolicy" : "Score",
          "lrPolicyDecayRate" : 0.5,
          "lrPolicyPower" : "NaN",
          "lrPolicySteps" : "NaN",
          "maxNumLineSearchIterations" : 5,
          "miniBatch" : true,
          "minimize" : true,
          "numIterations" : 1,
          "optimizationAlgo" : "STOCHASTIC_GRADIENT_DESCENT",
          "pretrain" : false,
          "seed" : 123456,
          "stepFunction" : null,
          "useDropConnect" : false,
          "useRegularization" : false,
          "variables" : [ "W", "b" ]
        },
        "outputVertex" : false,
        "preProcessor" : null
      }
    },
    "c-block3-2" : {
      "LayerVertex" : {
        "layerConf" : {
          "cacheMode" : "NONE",
          "iterationCount" : 0,
          "l1ByParam" : {
            "b" : 0.0,
            "W" : 0.0
          },
          "l2ByParam" : {
            "b" : 0.0,
            "W" : 0.0
          },
          "layer" : {
            "convolution" : {
              "activationFn" : {
                "Identity" : { }
              },
              "adamMeanDecay" : 0.9,
              "adamVarDecay" : 0.999,
              "biasInit" : 0.0,
              "biasLearningRate" : 0.01,
              "convolutionMode" : "Truncate",
              "cudnnAlgoMode" : "PREFER_FASTEST",
              "cudnnBwdDataAlgo" : null,
              "cudnnBwdFilterAlgo" : null,
              "cudnnFwdAlgo" : null,
              "dist" : null,
              "dropOut" : 0.0,
              "epsilon" : 1.0E-8,
              "gradientNormalization" : "RenormalizeL2PerLayer",
              "gradientNormalizationThreshold" : 1.0,
              "iupdater" : {
                "@class" : "org.nd4j.linalg.learning.config.Adam",
                "beta1" : 0.9,
                "beta2" : 0.999,
                "epsilon" : 1.0E-8,
                "learningRate" : 1.0E-4
              },
              "kernelSize" : [ 3, 3 ],
              "l1" : 0.0,
              "l1Bias" : 0.0,
              "l2" : 0.0,
              "l2Bias" : 0.0,
              "layerName" : "c-block3-2",
              "learningRate" : 0.01,
              "learningRateSchedule" : null,
              "momentum" : "NaN",
              "momentumSchedule" : null,
              "nin" : 128,
              "nout" : 128,
              "padding" : [ 1, 1 ],
              "rho" : "NaN",
              "rmsDecay" : "NaN",
              "stride" : [ 1, 1 ],
              "updater" : "ADAM",
              "weightInit" : "XAVIER"
            }
          },
          "leakyreluAlpha" : 0.0,
          "learningRateByParam" : {
            "b" : 1.0E-4,
            "W" : 1.0E-4
          },
          "learningRatePolicy" : "Score",
          "lrPolicyDecayRate" : 0.5,
          "lrPolicyPower" : "NaN",
          "lrPolicySteps" : "NaN",
          "maxNumLineSearchIterations" : 5,
          "miniBatch" : true,
          "minimize" : true,
          "numIterations" : 1,
          "optimizationAlgo" : "STOCHASTIC_GRADIENT_DESCENT",
          "pretrain" : false,
          "seed" : 123456,
          "stepFunction" : null,
          "useDropConnect" : false,
          "useRegularization" : false,
          "variables" : [ "W", "b" ]
        },
        "outputVertex" : false,
        "preProcessor" : null
      }
    },
    "shortcut3" : {
      "ElementWiseVertex" : {
        "op" : "Add"
      }
    },
    "c-block3-3" : {
      "LayerVertex" : {
        "layerConf" : {
          "cacheMode" : "NONE",
          "iterationCount" : 0,
          "l1ByParam" : { },
          "l2ByParam" : { },
          "layer" : {
            "activation" : {
              "activationFn" : {
                "LReLU" : {
                  "alpha" : 0.01
                }
              },
              "dropOut" : 0.0,
              "layerName" : "c-block3-3"
            }
          },
          "leakyreluAlpha" : 0.0,
          "learningRateByParam" : {
            "W" : 1.0E-4,
            "b" : 1.0E-4
          },
          "learningRatePolicy" : "Score",
          "lrPolicyDecayRate" : 0.5,
          "lrPolicyPower" : "NaN",
          "lrPolicySteps" : "NaN",
          "maxNumLineSearchIterations" : 5,
          "miniBatch" : true,
          "minimize" : true,
          "numIterations" : 1,
          "optimizationAlgo" : "STOCHASTIC_GRADIENT_DESCENT",
          "pretrain" : false,
          "seed" : 123456,
          "stepFunction" : null,
          "useDropConnect" : false,
          "useRegularization" : false,
          "variables" : [ ]
        },
        "outputVertex" : false,
        "preProcessor" : null
      }
    },
    "c-block4-1" : {
      "LayerVertex" : {
        "layerConf" : {
          "cacheMode" : "NONE",
          "iterationCount" : 0,
          "l1ByParam" : {
            "b" : 0.0,
            "W" : 0.0
          },
          "l2ByParam" : {
            "b" : 0.0,
            "W" : 0.0
          },
          "layer" : {
            "convolution" : {
              "activationFn" : {
                "LReLU" : {
                  "alpha" : 0.01
                }
              },
              "adamMeanDecay" : 0.9,
              "adamVarDecay" : 0.999,
              "biasInit" : 0.0,
              "biasLearningRate" : 0.01,
              "convolutionMode" : "Truncate",
              "cudnnAlgoMode" : "PREFER_FASTEST",
              "cudnnBwdDataAlgo" : null,
              "cudnnBwdFilterAlgo" : null,
              "cudnnFwdAlgo" : null,
              "dist" : null,
              "dropOut" : 0.0,
              "epsilon" : 1.0E-8,
              "gradientNormalization" : "RenormalizeL2PerLayer",
              "gradientNormalizationThreshold" : 1.0,
              "iupdater" : {
                "@class" : "org.nd4j.linalg.learning.config.Adam",
                "beta1" : 0.9,
                "beta2" : 0.999,
                "epsilon" : 1.0E-8,
                "learningRate" : 1.0E-4
              },
              "kernelSize" : [ 3, 3 ],
              "l1" : 0.0,
              "l1Bias" : 0.0,
              "l2" : 0.0,
              "l2Bias" : 0.0,
              "layerName" : "c-block4-1",
              "learningRate" : 0.01,
              "learningRateSchedule" : null,
              "momentum" : "NaN",
              "momentumSchedule" : null,
              "nin" : 128,
              "nout" : 128,
              "padding" : [ 1, 1 ],
              "rho" : "NaN",
              "rmsDecay" : "NaN",
              "stride" : [ 1, 1 ],
              "updater" : "ADAM",
              "weightInit" : "XAVIER"
            }
          },
          "leakyreluAlpha" : 0.0,
          "learningRateByParam" : {
            "b" : 1.0E-4,
            "W" : 1.0E-4
          },
          "learningRatePolicy" : "Score",
          "lrPolicyDecayRate" : 0.5,
          "lrPolicyPower" : "NaN",
          "lrPolicySteps" : "NaN",
          "maxNumLineSearchIterations" : 5,
          "miniBatch" : true,
          "minimize" : true,
          "numIterations" : 1,
          "optimizationAlgo" : "STOCHASTIC_GRADIENT_DESCENT",
          "pretrain" : false,
          "seed" : 123456,
          "stepFunction" : null,
          "useDropConnect" : false,
          "useRegularization" : false,
          "variables" : [ "W", "b" ]
        },
        "outputVertex" : false,
        "preProcessor" : null
      }
    },
    "c-block4-2" : {
      "LayerVertex" : {
        "layerConf" : {
          "cacheMode" : "NONE",
          "iterationCount" : 0,
          "l1ByParam" : {
            "b" : 0.0,
            "W" : 0.0
          },
          "l2ByParam" : {
            "b" : 0.0,
            "W" : 0.0
          },
          "layer" : {
            "convolution" : {
              "activationFn" : {
                "Identity" : { }
              },
              "adamMeanDecay" : 0.9,
              "adamVarDecay" : 0.999,
              "biasInit" : 0.0,
              "biasLearningRate" : 0.01,
              "convolutionMode" : "Truncate",
              "cudnnAlgoMode" : "PREFER_FASTEST",
              "cudnnBwdDataAlgo" : null,
              "cudnnBwdFilterAlgo" : null,
              "cudnnFwdAlgo" : null,
              "dist" : null,
              "dropOut" : 0.0,
              "epsilon" : 1.0E-8,
              "gradientNormalization" : "RenormalizeL2PerLayer",
              "gradientNormalizationThreshold" : 1.0,
              "iupdater" : {
                "@class" : "org.nd4j.linalg.learning.config.Adam",
                "beta1" : 0.9,
                "beta2" : 0.999,
                "epsilon" : 1.0E-8,
                "learningRate" : 1.0E-4
              },
              "kernelSize" : [ 3, 3 ],
              "l1" : 0.0,
              "l1Bias" : 0.0,
              "l2" : 0.0,
              "l2Bias" : 0.0,
              "layerName" : "c-block4-2",
              "learningRate" : 0.01,
              "learningRateSchedule" : null,
              "momentum" : "NaN",
              "momentumSchedule" : null,
              "nin" : 128,
              "nout" : 128,
              "padding" : [ 1, 1 ],
              "rho" : "NaN",
              "rmsDecay" : "NaN",
              "stride" : [ 1, 1 ],
              "updater" : "ADAM",
              "weightInit" : "XAVIER"
            }
          },
          "leakyreluAlpha" : 0.0,
          "learningRateByParam" : {
            "b" : 1.0E-4,
            "W" : 1.0E-4
          },
          "learningRatePolicy" : "Score",
          "lrPolicyDecayRate" : 0.5,
          "lrPolicyPower" : "NaN",
          "lrPolicySteps" : "NaN",
          "maxNumLineSearchIterations" : 5,
          "miniBatch" : true,
          "minimize" : true,
          "numIterations" : 1,
          "optimizationAlgo" : "STOCHASTIC_GRADIENT_DESCENT",
          "pretrain" : false,
          "seed" : 123456,
          "stepFunction" : null,
          "useDropConnect" : false,
          "useRegularization" : false,
          "variables" : [ "W", "b" ]
        },
        "outputVertex" : false,
        "preProcessor" : null
      }
    },
    "shortcut4" : {
      "ElementWiseVertex" : {
        "op" : "Add"
      }
    },
    "c-block4-3" : {
      "LayerVertex" : {
        "layerConf" : {
          "cacheMode" : "NONE",
          "iterationCount" : 0,
          "l1ByParam" : { },
          "l2ByParam" : { },
          "layer" : {
            "activation" : {
              "activationFn" : {
                "LReLU" : {
                  "alpha" : 0.01
                }
              },
              "dropOut" : 0.0,
              "layerName" : "c-block4-3"
            }
          },
          "leakyreluAlpha" : 0.0,
          "learningRateByParam" : {
            "W" : 1.0E-4,
            "b" : 1.0E-4
          },
          "learningRatePolicy" : "Score",
          "lrPolicyDecayRate" : 0.5,
          "lrPolicyPower" : "NaN",
          "lrPolicySteps" : "NaN",
          "maxNumLineSearchIterations" : 5,
          "miniBatch" : true,
          "minimize" : true,
          "numIterations" : 1,
          "optimizationAlgo" : "STOCHASTIC_GRADIENT_DESCENT",
          "pretrain" : false,
          "seed" : 123456,
          "stepFunction" : null,
          "useDropConnect" : false,
          "useRegularization" : false,
          "variables" : [ ]
        },
        "outputVertex" : false,
        "preProcessor" : null
      }
    },
    "c-block5-1" : {
      "LayerVertex" : {
        "layerConf" : {
          "cacheMode" : "NONE",
          "iterationCount" : 0,
          "l1ByParam" : {
            "b" : 0.0,
            "W" : 0.0
          },
          "l2ByParam" : {
            "b" : 0.0,
            "W" : 0.0
          },
          "layer" : {
            "convolution" : {
              "activationFn" : {
                "LReLU" : {
                  "alpha" : 0.01
                }
              },
              "adamMeanDecay" : 0.9,
              "adamVarDecay" : 0.999,
              "biasInit" : 0.0,
              "biasLearningRate" : 0.01,
              "convolutionMode" : "Truncate",
              "cudnnAlgoMode" : "PREFER_FASTEST",
              "cudnnBwdDataAlgo" : null,
              "cudnnBwdFilterAlgo" : null,
              "cudnnFwdAlgo" : null,
              "dist" : null,
              "dropOut" : 0.0,
              "epsilon" : 1.0E-8,
              "gradientNormalization" : "RenormalizeL2PerLayer",
              "gradientNormalizationThreshold" : 1.0,
              "iupdater" : {
                "@class" : "org.nd4j.linalg.learning.config.Adam",
                "beta1" : 0.9,
                "beta2" : 0.999,
                "epsilon" : 1.0E-8,
                "learningRate" : 1.0E-4
              },
              "kernelSize" : [ 3, 3 ],
              "l1" : 0.0,
              "l1Bias" : 0.0,
              "l2" : 0.0,
              "l2Bias" : 0.0,
              "layerName" : "c-block5-1",
              "learningRate" : 0.01,
              "learningRateSchedule" : null,
              "momentum" : "NaN",
              "momentumSchedule" : null,
              "nin" : 128,
              "nout" : 128,
              "padding" : [ 1, 1 ],
              "rho" : "NaN",
              "rmsDecay" : "NaN",
              "stride" : [ 1, 1 ],
              "updater" : "ADAM",
              "weightInit" : "XAVIER"
            }
          },
          "leakyreluAlpha" : 0.0,
          "learningRateByParam" : {
            "b" : 1.0E-4,
            "W" : 1.0E-4
          },
          "learningRatePolicy" : "Score",
          "lrPolicyDecayRate" : 0.5,
          "lrPolicyPower" : "NaN",
          "lrPolicySteps" : "NaN",
          "maxNumLineSearchIterations" : 5,
          "miniBatch" : true,
          "minimize" : true,
          "numIterations" : 1,
          "optimizationAlgo" : "STOCHASTIC_GRADIENT_DESCENT",
          "pretrain" : false,
          "seed" : 123456,
          "stepFunction" : null,
          "useDropConnect" : false,
          "useRegularization" : false,
          "variables" : [ "W", "b" ]
        },
        "outputVertex" : false,
        "preProcessor" : null
      }
    },
    "c-block5-2" : {
      "LayerVertex" : {
        "layerConf" : {
          "cacheMode" : "NONE",
          "iterationCount" : 0,
          "l1ByParam" : {
            "b" : 0.0,
            "W" : 0.0
          },
          "l2ByParam" : {
            "b" : 0.0,
            "W" : 0.0
          },
          "layer" : {
            "convolution" : {
              "activationFn" : {
                "Identity" : { }
              },
              "adamMeanDecay" : 0.9,
              "adamVarDecay" : 0.999,
              "biasInit" : 0.0,
              "biasLearningRate" : 0.01,
              "convolutionMode" : "Truncate",
              "cudnnAlgoMode" : "PREFER_FASTEST",
              "cudnnBwdDataAlgo" : null,
              "cudnnBwdFilterAlgo" : null,
              "cudnnFwdAlgo" : null,
              "dist" : null,
              "dropOut" : 0.0,
              "epsilon" : 1.0E-8,
              "gradientNormalization" : "RenormalizeL2PerLayer",
              "gradientNormalizationThreshold" : 1.0,
              "iupdater" : {
                "@class" : "org.nd4j.linalg.learning.config.Adam",
                "beta1" : 0.9,
                "beta2" : 0.999,
                "epsilon" : 1.0E-8,
                "learningRate" : 1.0E-4
              },
              "kernelSize" : [ 3, 3 ],
              "l1" : 0.0,
              "l1Bias" : 0.0,
              "l2" : 0.0,
              "l2Bias" : 0.0,
              "layerName" : "c-block5-2",
              "learningRate" : 0.01,
              "learningRateSchedule" : null,
              "momentum" : "NaN",
              "momentumSchedule" : null,
              "nin" : 128,
              "nout" : 128,
              "padding" : [ 1, 1 ],
              "rho" : "NaN",
              "rmsDecay" : "NaN",
              "stride" : [ 1, 1 ],
              "updater" : "ADAM",
              "weightInit" : "XAVIER"
            }
          },
          "leakyreluAlpha" : 0.0,
          "learningRateByParam" : {
            "b" : 1.0E-4,
            "W" : 1.0E-4
          },
          "learningRatePolicy" : "Score",
          "lrPolicyDecayRate" : 0.5,
          "lrPolicyPower" : "NaN",
          "lrPolicySteps" : "NaN",
          "maxNumLineSearchIterations" : 5,
          "miniBatch" : true,
          "minimize" : true,
          "numIterations" : 1,
          "optimizationAlgo" : "STOCHASTIC_GRADIENT_DESCENT",
          "pretrain" : false,
          "seed" : 123456,
          "stepFunction" : null,
          "useDropConnect" : false,
          "useRegularization" : false,
          "variables" : [ "W", "b" ]
        },
        "outputVertex" : false,
        "preProcessor" : null
      }
    },
    "shortcut5" : {
      "ElementWiseVertex" : {
        "op" : "Add"
      }
    },
    "c-block5-3" : {
      "LayerVertex" : {
        "layerConf" : {
          "cacheMode" : "NONE",
          "iterationCount" : 0,
          "l1ByParam" : { },
          "l2ByParam" : { },
          "layer" : {
            "activation" : {
              "activationFn" : {
                "LReLU" : {
                  "alpha" : 0.01
                }
              },
              "dropOut" : 0.0,
              "layerName" : "c-block5-3"
            }
          },
          "leakyreluAlpha" : 0.0,
          "learningRateByParam" : {
            "W" : 1.0E-4,
            "b" : 1.0E-4
          },
          "learningRatePolicy" : "Score",
          "lrPolicyDecayRate" : 0.5,
          "lrPolicyPower" : "NaN",
          "lrPolicySteps" : "NaN",
          "maxNumLineSearchIterations" : 5,
          "miniBatch" : true,
          "minimize" : true,
          "numIterations" : 1,
          "optimizationAlgo" : "STOCHASTIC_GRADIENT_DESCENT",
          "pretrain" : false,
          "seed" : 123456,
          "stepFunction" : null,
          "useDropConnect" : false,
          "useRegularization" : false,
          "variables" : [ ]
        },
        "outputVertex" : false,
        "preProcessor" : null
      }
    },
    "c-block6-1" : {
      "LayerVertex" : {
        "layerConf" : {
          "cacheMode" : "NONE",
          "iterationCount" : 0,
          "l1ByParam" : {
            "b" : 0.0,
            "W" : 0.0
          },
          "l2ByParam" : {
            "b" : 0.0,
            "W" : 0.0
          },
          "layer" : {
            "convolution" : {
              "activationFn" : {
                "LReLU" : {
                  "alpha" : 0.01
                }
              },
              "adamMeanDecay" : 0.9,
              "adamVarDecay" : 0.999,
              "biasInit" : 0.0,
              "biasLearningRate" : 0.01,
              "convolutionMode" : "Truncate",
              "cudnnAlgoMode" : "PREFER_FASTEST",
              "cudnnBwdDataAlgo" : null,
              "cudnnBwdFilterAlgo" : null,
              "cudnnFwdAlgo" : null,
              "dist" : null,
              "dropOut" : 0.0,
              "epsilon" : 1.0E-8,
              "gradientNormalization" : "RenormalizeL2PerLayer",
              "gradientNormalizationThreshold" : 1.0,
              "iupdater" : {
                "@class" : "org.nd4j.linalg.learning.config.Adam",
                "beta1" : 0.9,
                "beta2" : 0.999,
                "epsilon" : 1.0E-8,
                "learningRate" : 1.0E-4
              },
              "kernelSize" : [ 3, 3 ],
              "l1" : 0.0,
              "l1Bias" : 0.0,
              "l2" : 0.0,
              "l2Bias" : 0.0,
              "layerName" : "c-block6-1",
              "learningRate" : 0.01,
              "learningRateSchedule" : null,
              "momentum" : "NaN",
              "momentumSchedule" : null,
              "nin" : 128,
              "nout" : 128,
              "padding" : [ 1, 1 ],
              "rho" : "NaN",
              "rmsDecay" : "NaN",
              "stride" : [ 1, 1 ],
              "updater" : "ADAM",
              "weightInit" : "XAVIER"
            }
          },
          "leakyreluAlpha" : 0.0,
          "learningRateByParam" : {
            "b" : 1.0E-4,
            "W" : 1.0E-4
          },
          "learningRatePolicy" : "Score",
          "lrPolicyDecayRate" : 0.5,
          "lrPolicyPower" : "NaN",
          "lrPolicySteps" : "NaN",
          "maxNumLineSearchIterations" : 5,
          "miniBatch" : true,
          "minimize" : true,
          "numIterations" : 1,
          "optimizationAlgo" : "STOCHASTIC_GRADIENT_DESCENT",
          "pretrain" : false,
          "seed" : 123456,
          "stepFunction" : null,
          "useDropConnect" : false,
          "useRegularization" : false,
          "variables" : [ "W", "b" ]
        },
        "outputVertex" : false,
        "preProcessor" : null
      }
    },
    "c-block6-2" : {
      "LayerVertex" : {
        "layerConf" : {
          "cacheMode" : "NONE",
          "iterationCount" : 0,
          "l1ByParam" : {
            "b" : 0.0,
            "W" : 0.0
          },
          "l2ByParam" : {
            "b" : 0.0,
            "W" : 0.0
          },
          "layer" : {
            "convolution" : {
              "activationFn" : {
                "Identity" : { }
              },
              "adamMeanDecay" : 0.9,
              "adamVarDecay" : 0.999,
              "biasInit" : 0.0,
              "biasLearningRate" : 0.01,
              "convolutionMode" : "Truncate",
              "cudnnAlgoMode" : "PREFER_FASTEST",
              "cudnnBwdDataAlgo" : null,
              "cudnnBwdFilterAlgo" : null,
              "cudnnFwdAlgo" : null,
              "dist" : null,
              "dropOut" : 0.0,
              "epsilon" : 1.0E-8,
              "gradientNormalization" : "RenormalizeL2PerLayer",
              "gradientNormalizationThreshold" : 1.0,
              "iupdater" : {
                "@class" : "org.nd4j.linalg.learning.config.Adam",
                "beta1" : 0.9,
                "beta2" : 0.999,
                "epsilon" : 1.0E-8,
                "learningRate" : 1.0E-4
              },
              "kernelSize" : [ 3, 3 ],
              "l1" : 0.0,
              "l1Bias" : 0.0,
              "l2" : 0.0,
              "l2Bias" : 0.0,
              "layerName" : "c-block6-2",
              "learningRate" : 0.01,
              "learningRateSchedule" : null,
              "momentum" : "NaN",
              "momentumSchedule" : null,
              "nin" : 128,
              "nout" : 128,
              "padding" : [ 1, 1 ],
              "rho" : "NaN",
              "rmsDecay" : "NaN",
              "stride" : [ 1, 1 ],
              "updater" : "ADAM",
              "weightInit" : "XAVIER"
            }
          },
          "leakyreluAlpha" : 0.0,
          "learningRateByParam" : {
            "b" : 1.0E-4,
            "W" : 1.0E-4
          },
          "learningRatePolicy" : "Score",
          "lrPolicyDecayRate" : 0.5,
          "lrPolicyPower" : "NaN",
          "lrPolicySteps" : "NaN",
          "maxNumLineSearchIterations" : 5,
          "miniBatch" : true,
          "minimize" : true,
          "numIterations" : 1,
          "optimizationAlgo" : "STOCHASTIC_GRADIENT_DESCENT",
          "pretrain" : false,
          "seed" : 123456,
          "stepFunction" : null,
          "useDropConnect" : false,
          "useRegularization" : false,
          "variables" : [ "W", "b" ]
        },
        "outputVertex" : false,
        "preProcessor" : null
      }
    },
    "shortcut6" : {
      "ElementWiseVertex" : {
        "op" : "Add"
      }
    },
    "c-block6-3" : {
      "LayerVertex" : {
        "layerConf" : {
          "cacheMode" : "NONE",
          "iterationCount" : 0,
          "l1ByParam" : { },
          "l2ByParam" : { },
          "layer" : {
            "activation" : {
              "activationFn" : {
                "LReLU" : {
                  "alpha" : 0.01
                }
              },
              "dropOut" : 0.0,
              "layerName" : "c-block6-3"
            }
          },
          "leakyreluAlpha" : 0.0,
          "learningRateByParam" : {
            "W" : 1.0E-4,
            "b" : 1.0E-4
          },
          "learningRatePolicy" : "Score",
          "lrPolicyDecayRate" : 0.5,
          "lrPolicyPower" : "NaN",
          "lrPolicySteps" : "NaN",
          "maxNumLineSearchIterations" : 5,
          "miniBatch" : true,
          "minimize" : true,
          "numIterations" : 1,
          "optimizationAlgo" : "STOCHASTIC_GRADIENT_DESCENT",
          "pretrain" : false,
          "seed" : 123456,
          "stepFunction" : null,
          "useDropConnect" : false,
          "useRegularization" : false,
          "variables" : [ ]
        },
        "outputVertex" : false,
        "preProcessor" : null
      }
    },
    "c-block7-1" : {
      "LayerVertex" : {
        "layerConf" : {
          "cacheMode" : "NONE",
          "iterationCount" : 0,
          "l1ByParam" : {
            "b" : 0.0,
            "W" : 0.0
          },
          "l2ByParam" : {
            "b" : 0.0,
            "W" : 0.0
          },
          "layer" : {
            "convolution" : {
              "activationFn" : {
                "LReLU" : {
                  "alpha" : 0.01
                }
              },
              "adamMeanDecay" : 0.9,
              "adamVarDecay" : 0.999,
              "biasInit" : 0.0,
              "biasLearningRate" : 0.01,
              "convolutionMode" : "Truncate",
              "cudnnAlgoMode" : "PREFER_FASTEST",
              "cudnnBwdDataAlgo" : null,
              "cudnnBwdFilterAlgo" : null,
              "cudnnFwdAlgo" : null,
              "dist" : null,
              "dropOut" : 0.0,
              "epsilon" : 1.0E-8,
              "gradientNormalization" : "RenormalizeL2PerLayer",
              "gradientNormalizationThreshold" : 1.0,
              "iupdater" : {
                "@class" : "org.nd4j.linalg.learning.config.Adam",
                "beta1" : 0.9,
                "beta2" : 0.999,
                "epsilon" : 1.0E-8,
                "learningRate" : 1.0E-4
              },
              "kernelSize" : [ 3, 3 ],
              "l1" : 0.0,
              "l1Bias" : 0.0,
              "l2" : 0.0,
              "l2Bias" : 0.0,
              "layerName" : "c-block7-1",
              "learningRate" : 0.01,
              "learningRateSchedule" : null,
              "momentum" : "NaN",
              "momentumSchedule" : null,
              "nin" : 128,
              "nout" : 128,
              "padding" : [ 1, 1 ],
              "rho" : "NaN",
              "rmsDecay" : "NaN",
              "stride" : [ 1, 1 ],
              "updater" : "ADAM",
              "weightInit" : "XAVIER"
            }
          },
          "leakyreluAlpha" : 0.0,
          "learningRateByParam" : {
            "b" : 1.0E-4,
            "W" : 1.0E-4
          },
          "learningRatePolicy" : "Score",
          "lrPolicyDecayRate" : 0.5,
          "lrPolicyPower" : "NaN",
          "lrPolicySteps" : "NaN",
          "maxNumLineSearchIterations" : 5,
          "miniBatch" : true,
          "minimize" : true,
          "numIterations" : 1,
          "optimizationAlgo" : "STOCHASTIC_GRADIENT_DESCENT",
          "pretrain" : false,
          "seed" : 123456,
          "stepFunction" : null,
          "useDropConnect" : false,
          "useRegularization" : false,
          "variables" : [ "W", "b" ]
        },
        "outputVertex" : false,
        "preProcessor" : null
      }
    },
    "c-block7-2" : {
      "LayerVertex" : {
        "layerConf" : {
          "cacheMode" : "NONE",
          "iterationCount" : 0,
          "l1ByParam" : {
            "b" : 0.0,
            "W" : 0.0
          },
          "l2ByParam" : {
            "b" : 0.0,
            "W" : 0.0
          },
          "layer" : {
            "convolution" : {
              "activationFn" : {
                "Identity" : { }
              },
              "adamMeanDecay" : 0.9,
              "adamVarDecay" : 0.999,
              "biasInit" : 0.0,
              "biasLearningRate" : 0.01,
              "convolutionMode" : "Truncate",
              "cudnnAlgoMode" : "PREFER_FASTEST",
              "cudnnBwdDataAlgo" : null,
              "cudnnBwdFilterAlgo" : null,
              "cudnnFwdAlgo" : null,
              "dist" : null,
              "dropOut" : 0.0,
              "epsilon" : 1.0E-8,
              "gradientNormalization" : "RenormalizeL2PerLayer",
              "gradientNormalizationThreshold" : 1.0,
              "iupdater" : {
                "@class" : "org.nd4j.linalg.learning.config.Adam",
                "beta1" : 0.9,
                "beta2" : 0.999,
                "epsilon" : 1.0E-8,
                "learningRate" : 1.0E-4
              },
              "kernelSize" : [ 3, 3 ],
              "l1" : 0.0,
              "l1Bias" : 0.0,
              "l2" : 0.0,
              "l2Bias" : 0.0,
              "layerName" : "c-block7-2",
              "learningRate" : 0.01,
              "learningRateSchedule" : null,
              "momentum" : "NaN",
              "momentumSchedule" : null,
              "nin" : 128,
              "nout" : 128,
              "padding" : [ 1, 1 ],
              "rho" : "NaN",
              "rmsDecay" : "NaN",
              "stride" : [ 1, 1 ],
              "updater" : "ADAM",
              "weightInit" : "XAVIER"
            }
          },
          "leakyreluAlpha" : 0.0,
          "learningRateByParam" : {
            "b" : 1.0E-4,
            "W" : 1.0E-4
          },
          "learningRatePolicy" : "Score",
          "lrPolicyDecayRate" : 0.5,
          "lrPolicyPower" : "NaN",
          "lrPolicySteps" : "NaN",
          "maxNumLineSearchIterations" : 5,
          "miniBatch" : true,
          "minimize" : true,
          "numIterations" : 1,
          "optimizationAlgo" : "STOCHASTIC_GRADIENT_DESCENT",
          "pretrain" : false,
          "seed" : 123456,
          "stepFunction" : null,
          "useDropConnect" : false,
          "useRegularization" : false,
          "variables" : [ "W", "b" ]
        },
        "outputVertex" : false,
        "preProcessor" : null
      }
    },
    "shortcut7" : {
      "ElementWiseVertex" : {
        "op" : "Add"
      }
    },
    "c-block7-3" : {
      "LayerVertex" : {
        "layerConf" : {
          "cacheMode" : "NONE",
          "iterationCount" : 0,
          "l1ByParam" : { },
          "l2ByParam" : { },
          "layer" : {
            "activation" : {
              "activationFn" : {
                "LReLU" : {
                  "alpha" : 0.01
                }
              },
              "dropOut" : 0.0,
              "layerName" : "c-block7-3"
            }
          },
          "leakyreluAlpha" : 0.0,
          "learningRateByParam" : {
            "W" : 1.0E-4,
            "b" : 1.0E-4
          },
          "learningRatePolicy" : "Score",
          "lrPolicyDecayRate" : 0.5,
          "lrPolicyPower" : "NaN",
          "lrPolicySteps" : "NaN",
          "maxNumLineSearchIterations" : 5,
          "miniBatch" : true,
          "minimize" : true,
          "numIterations" : 1,
          "optimizationAlgo" : "STOCHASTIC_GRADIENT_DESCENT",
          "pretrain" : false,
          "seed" : 123456,
          "stepFunction" : null,
          "useDropConnect" : false,
          "useRegularization" : false,
          "variables" : [ ]
        },
        "outputVertex" : false,
        "preProcessor" : null
      }
    },
    "c-block8-1" : {
      "LayerVertex" : {
        "layerConf" : {
          "cacheMode" : "NONE",
          "iterationCount" : 0,
          "l1ByParam" : {
            "b" : 0.0,
            "W" : 0.0
          },
          "l2ByParam" : {
            "b" : 0.0,
            "W" : 0.0
          },
          "layer" : {
            "convolution" : {
              "activationFn" : {
                "LReLU" : {
                  "alpha" : 0.01
                }
              },
              "adamMeanDecay" : 0.9,
              "adamVarDecay" : 0.999,
              "biasInit" : 0.0,
              "biasLearningRate" : 0.01,
              "convolutionMode" : "Truncate",
              "cudnnAlgoMode" : "PREFER_FASTEST",
              "cudnnBwdDataAlgo" : null,
              "cudnnBwdFilterAlgo" : null,
              "cudnnFwdAlgo" : null,
              "dist" : null,
              "dropOut" : 0.0,
              "epsilon" : 1.0E-8,
              "gradientNormalization" : "RenormalizeL2PerLayer",
              "gradientNormalizationThreshold" : 1.0,
              "iupdater" : {
                "@class" : "org.nd4j.linalg.learning.config.Adam",
                "beta1" : 0.9,
                "beta2" : 0.999,
                "epsilon" : 1.0E-8,
                "learningRate" : 1.0E-4
              },
              "kernelSize" : [ 3, 3 ],
              "l1" : 0.0,
              "l1Bias" : 0.0,
              "l2" : 0.0,
              "l2Bias" : 0.0,
              "layerName" : "c-block8-1",
              "learningRate" : 0.01,
              "learningRateSchedule" : null,
              "momentum" : "NaN",
              "momentumSchedule" : null,
              "nin" : 128,
              "nout" : 128,
              "padding" : [ 1, 1 ],
              "rho" : "NaN",
              "rmsDecay" : "NaN",
              "stride" : [ 1, 1 ],
              "updater" : "ADAM",
              "weightInit" : "XAVIER"
            }
          },
          "leakyreluAlpha" : 0.0,
          "learningRateByParam" : {
            "b" : 1.0E-4,
            "W" : 1.0E-4
          },
          "learningRatePolicy" : "Score",
          "lrPolicyDecayRate" : 0.5,
          "lrPolicyPower" : "NaN",
          "lrPolicySteps" : "NaN",
          "maxNumLineSearchIterations" : 5,
          "miniBatch" : true,
          "minimize" : true,
          "numIterations" : 1,
          "optimizationAlgo" : "STOCHASTIC_GRADIENT_DESCENT",
          "pretrain" : false,
          "seed" : 123456,
          "stepFunction" : null,
          "useDropConnect" : false,
          "useRegularization" : false,
          "variables" : [ "W", "b" ]
        },
        "outputVertex" : false,
        "preProcessor" : null
      }
    },
    "c-block8-2" : {
      "LayerVertex" : {
        "layerConf" : {
          "cacheMode" : "NONE",
          "iterationCount" : 0,
          "l1ByParam" : {
            "b" : 0.0,
            "W" : 0.0
          },
          "l2ByParam" : {
            "b" : 0.0,
            "W" : 0.0
          },
          "layer" : {
            "convolution" : {
              "activationFn" : {
                "Identity" : { }
              },
              "adamMeanDecay" : 0.9,
              "adamVarDecay" : 0.999,
              "biasInit" : 0.0,
              "biasLearningRate" : 0.01,
              "convolutionMode" : "Truncate",
              "cudnnAlgoMode" : "PREFER_FASTEST",
              "cudnnBwdDataAlgo" : null,
              "cudnnBwdFilterAlgo" : null,
              "cudnnFwdAlgo" : null,
              "dist" : null,
              "dropOut" : 0.0,
              "epsilon" : 1.0E-8,
              "gradientNormalization" : "RenormalizeL2PerLayer",
              "gradientNormalizationThreshold" : 1.0,
              "iupdater" : {
                "@class" : "org.nd4j.linalg.learning.config.Adam",
                "beta1" : 0.9,
                "beta2" : 0.999,
                "epsilon" : 1.0E-8,
                "learningRate" : 1.0E-4
              },
              "kernelSize" : [ 3, 3 ],
              "l1" : 0.0,
              "l1Bias" : 0.0,
              "l2" : 0.0,
              "l2Bias" : 0.0,
              "layerName" : "c-block8-2",
              "learningRate" : 0.01,
              "learningRateSchedule" : null,
              "momentum" : "NaN",
              "momentumSchedule" : null,
              "nin" : 128,
              "nout" : 128,
              "padding" : [ 1, 1 ],
              "rho" : "NaN",
              "rmsDecay" : "NaN",
              "stride" : [ 1, 1 ],
              "updater" : "ADAM",
              "weightInit" : "XAVIER"
            }
          },
          "leakyreluAlpha" : 0.0,
          "learningRateByParam" : {
            "b" : 1.0E-4,
            "W" : 1.0E-4
          },
          "learningRatePolicy" : "Score",
          "lrPolicyDecayRate" : 0.5,
          "lrPolicyPower" : "NaN",
          "lrPolicySteps" : "NaN",
          "maxNumLineSearchIterations" : 5,
          "miniBatch" : true,
          "minimize" : true,
          "numIterations" : 1,
          "optimizationAlgo" : "STOCHASTIC_GRADIENT_DESCENT",
          "pretrain" : false,
          "seed" : 123456,
          "stepFunction" : null,
          "useDropConnect" : false,
          "useRegularization" : false,
          "variables" : [ "W", "b" ]
        },
        "outputVertex" : false,
        "preProcessor" : null
      }
    },
    "shortcut8" : {
      "ElementWiseVertex" : {
        "op" : "Add"
      }
    },
    "c-block8-3" : {
      "LayerVertex" : {
        "layerConf" : {
          "cacheMode" : "NONE",
          "iterationCount" : 0,
          "l1ByParam" : { },
          "l2ByParam" : { },
          "layer" : {
            "activation" : {
              "activationFn" : {
                "LReLU" : {
                  "alpha" : 0.01
                }
              },
              "dropOut" : 0.0,
              "layerName" : "c-block8-3"
            }
          },
          "leakyreluAlpha" : 0.0,
          "learningRateByParam" : {
            "W" : 1.0E-4,
            "b" : 1.0E-4
          },
          "learningRatePolicy" : "Score",
          "lrPolicyDecayRate" : 0.5,
          "lrPolicyPower" : "NaN",
          "lrPolicySteps" : "NaN",
          "maxNumLineSearchIterations" : 5,
          "miniBatch" : true,
          "minimize" : true,
          "numIterations" : 1,
          "optimizationAlgo" : "STOCHASTIC_GRADIENT_DESCENT",
          "pretrain" : false,
          "seed" : 123456,
          "stepFunction" : null,
          "useDropConnect" : false,
          "useRegularization" : false,
          "variables" : [ ]
        },
        "outputVertex" : false,
        "preProcessor" : null
      }
    },
    "embeddings_c" : {
      "LayerVertex" : {
        "layerConf" : {
          "cacheMode" : "NONE",
          "iterationCount" : 0,
          "l1ByParam" : {
            "b" : 0.0,
            "W" : 0.0
          },
          "l2ByParam" : {
            "b" : 0.0,
            "W" : 0.0
          },
          "layer" : {
            "convolution" : {
              "activationFn" : {
                "Identity" : { }
              },
              "adamMeanDecay" : 0.9,
              "adamVarDecay" : 0.999,
              "biasInit" : 0.0,
              "biasLearningRate" : 0.01,
              "convolutionMode" : "Truncate",
              "cudnnAlgoMode" : "PREFER_FASTEST",
              "cudnnBwdDataAlgo" : null,
              "cudnnBwdFilterAlgo" : null,
              "cudnnFwdAlgo" : null,
              "dist" : null,
              "dropOut" : 0.0,
              "epsilon" : 1.0E-8,
              "gradientNormalization" : "RenormalizeL2PerLayer",
              "gradientNormalizationThreshold" : 1.0,
              "iupdater" : {
                "@class" : "org.nd4j.linalg.learning.config.Adam",
                "beta1" : 0.9,
                "beta2" : 0.999,
                "epsilon" : 1.0E-8,
                "learningRate" : 1.0E-4
              },
              "kernelSize" : [ 3, 3 ],
              "l1" : 0.0,
              "l1Bias" : 0.0,
              "l2" : 0.0,
              "l2Bias" : 0.0,
              "layerName" : "embeddings_c",
              "learningRate" : 0.01,
              "learningRateSchedule" : null,
              "momentum" : "NaN",
              "momentumSchedule" : null,
              "nin" : 128,
              "nout" : 2,
              "padding" : [ 1, 1 ],
              "rho" : "NaN",
              "rmsDecay" : "NaN",
              "stride" : [ 1, 1 ],
              "updater" : "ADAM",
              "weightInit" : "XAVIER"
            }
          },
          "leakyreluAlpha" : 0.0,
          "learningRateByParam" : {
            "b" : 1.0E-4,
            "W" : 1.0E-4
          },
          "learningRatePolicy" : "Score",
          "lrPolicyDecayRate" : 0.5,
          "lrPolicyPower" : "NaN",
          "lrPolicySteps" : "NaN",
          "maxNumLineSearchIterations" : 5,
          "miniBatch" : true,
          "minimize" : true,
          "numIterations" : 1,
          "optimizationAlgo" : "STOCHASTIC_GRADIENT_DESCENT",
          "pretrain" : false,
          "seed" : 123456,
          "stepFunction" : null,
          "useDropConnect" : false,
          "useRegularization" : false,
          "variables" : [ "W", "b" ]
        },
        "outputVertex" : false,
        "preProcessor" : null
      }
    },
    "reg-c-layer" : {
      "LayerVertex" : {
        "layerConf" : {
          "cacheMode" : "NONE",
          "iterationCount" : 0,
          "l1ByParam" : {
            "b" : 0.0,
            "W" : 0.0
          },
          "l2ByParam" : {
            "b" : 0.0,
            "W" : 0.0
          },
          "layer" : {
            "convolution" : {
              "activationFn" : {
                "Identity" : { }
              },
              "adamMeanDecay" : 0.9,
              "adamVarDecay" : 0.999,
              "biasInit" : 0.0,
              "biasLearningRate" : 0.01,
              "convolutionMode" : "Truncate",
              "cudnnAlgoMode" : "PREFER_FASTEST",
              "cudnnBwdDataAlgo" : null,
              "cudnnBwdFilterAlgo" : null,
              "cudnnFwdAlgo" : null,
              "dist" : null,
              "dropOut" : 0.0,
              "epsilon" : 1.0E-8,
              "gradientNormalization" : "RenormalizeL2PerLayer",
              "gradientNormalizationThreshold" : 1.0,
              "iupdater" : {
                "@class" : "org.nd4j.linalg.learning.config.Adam",
                "beta1" : 0.9,
                "beta2" : 0.999,
                "epsilon" : 1.0E-8,
                "learningRate" : 1.0E-4
              },
              "kernelSize" : [ 3, 3 ],
              "l1" : 0.0,
              "l1Bias" : 0.0,
              "l2" : 0.0,
              "l2Bias" : 0.0,
              "layerName" : "reg-c-layer",
              "learningRate" : 0.01,
              "learningRateSchedule" : null,
              "momentum" : "NaN",
              "momentumSchedule" : null,
              "nin" : 128,
              "nout" : 1,
              "padding" : [ 1, 1 ],
              "rho" : "NaN",
              "rmsDecay" : "NaN",
              "stride" : [ 1, 1 ],
              "updater" : "ADAM",
              "weightInit" : "XAVIER"
            }
          },
          "leakyreluAlpha" : 0.0,
          "learningRateByParam" : {
            "b" : 1.0E-4,
            "W" : 1.0E-4
          },
          "learningRatePolicy" : "Score",
          "lrPolicyDecayRate" : 0.5,
          "lrPolicyPower" : "NaN",
          "lrPolicySteps" : "NaN",
          "maxNumLineSearchIterations" : 5,
          "miniBatch" : true,
          "minimize" : true,
          "numIterations" : 1,
          "optimizationAlgo" : "STOCHASTIC_GRADIENT_DESCENT",
          "pretrain" : false,
          "seed" : 123456,
          "stepFunction" : null,
          "useDropConnect" : false,
          "useRegularization" : false,
          "variables" : [ "W", "b" ]
        },
        "outputVertex" : false,
        "preProcessor" : null
      }
    },
    "embeddings_r" : {
      "LayerVertex" : {
        "layerConf" : {
          "cacheMode" : "NONE",
          "iterationCount" : 0,
          "l1ByParam" : {
            "b" : 0.0,
            "W" : 0.0
          },
          "l2ByParam" : {
            "b" : 0.0,
            "W" : 0.0
          },
          "layer" : {
            "dense" : {
              "activationFn" : {
                "Identity" : { }
              },
              "adamMeanDecay" : 0.9,
              "adamVarDecay" : 0.999,
              "biasInit" : 0.0,
              "biasLearningRate" : 0.01,
              "dist" : null,
              "dropOut" : 0.0,
              "epsilon" : 1.0E-8,
              "gradientNormalization" : "RenormalizeL2PerLayer",
              "gradientNormalizationThreshold" : 1.0,
              "iupdater" : {
                "@class" : "org.nd4j.linalg.learning.config.Adam",
                "beta1" : 0.9,
                "beta2" : 0.999,
                "epsilon" : 1.0E-8,
                "learningRate" : 1.0E-4
              },
              "l1" : 0.0,
              "l1Bias" : 0.0,
              "l2" : 0.0,
              "l2Bias" : 0.0,
              "layerName" : "embeddings_r",
              "learningRate" : 0.01,
              "learningRateSchedule" : null,
              "momentum" : "NaN",
              "momentumSchedule" : null,
              "nin" : 361,
              "nout" : 256,
              "rho" : "NaN",
              "rmsDecay" : "NaN",
              "updater" : "ADAM",
              "weightInit" : "XAVIER"
            }
          },
          "leakyreluAlpha" : 0.0,
          "learningRateByParam" : {
            "b" : 1.0E-4,
            "W" : 1.0E-4
          },
          "learningRatePolicy" : "Score",
          "lrPolicyDecayRate" : 0.5,
          "lrPolicyPower" : "NaN",
          "lrPolicySteps" : "NaN",
          "maxNumLineSearchIterations" : 5,
          "miniBatch" : true,
          "minimize" : true,
          "numIterations" : 1,
          "optimizationAlgo" : "STOCHASTIC_GRADIENT_DESCENT",
          "pretrain" : false,
          "seed" : 123456,
          "stepFunction" : null,
          "useDropConnect" : false,
          "useRegularization" : false,
          "variables" : [ "W", "b" ]
        },
        "outputVertex" : false,
        "preProcessor" : {
          "cnnToFeedForward" : {
            "inputHeight" : 19,
            "inputWidth" : 19,
            "numChannels" : 1
          }
        }
      }
    }
  }
}